iter	Logloss	Logloss	Logloss	Logloss	Logloss	Logloss	Logloss	Logloss	Logloss	Logloss	Accuracy	Accuracy	Accuracy	Accuracy	Accuracy	Accuracy	Accuracy	Accuracy	Accuracy	Accuracy
0	0.008180354033	0.008320943248	0.008252588914	0.008335409081	0.008295208368	0.00828695118	0.00784332542	0.007836340813	0.007860206171	0.007821809338	0.9999297802	0.9999719121	0.9999438242	0.9999719121	0.9999578681	0.9999578681	0.9999438234	0.9999438234	0.9999578675	0.9999297792
1	0.000222625798	0.0001676233656	0.0001836850077	0.0001682272886	0.000189365834	0.000189459501	0.0002245332808	0.0002172592704	0.0002067926172	0.0002269592605	1	1	1	1	1	1	1	1	1	0.9999719117
2	3.006726228e-05	1.867191058e-05	2.153364044e-05	1.881428657e-05	2.584213762e-05	2.620422126e-05	1.891881624e-05	0.0002068358329	0.0001941062465	0.0002181390735	1	1	1	1	1	1	1	0.9999438234	0.9999859558	0.9999297792
3	2.966375541e-05	1.871402865e-05	2.150970383e-05	1.885456202e-05	2.539416096e-05	2.588939655e-05	1.875550659e-05	0.0001688290663	2.465524607e-05	2.36427139e-05	1	1	1	1	1	1	1	0.9999438234	1	1
4	1.207103081e-05	1.881039688e-05	2.129697545e-05	1.868396633e-05	1.010693915e-05	2.584057916e-05	1.803724197e-05	1.908730283e-05	2.37158831e-05	2.337099215e-05	1	1	1	1	1	1	1	1	1	1
5	4.419878622e-06	1.882864408e-05	2.086723532e-05	1.876375954e-05	8.914553758e-06	1.368743355e-05	1.803160017e-05	4.407289041e-06	5.099799046e-06	2.326700226e-05	1	1	1	1	1	1	1	1	1	1
