iter	Logloss	Accuracy
0	0.007824668627	0.9999516261	1	0.0002406687789	2	2.11223788e2	3.223	2.104785244e-05	1
4	2.078655284e-05	1
5	2.070834775e-05	1
	1
0192e-05	1
05	1.3074165	5	3.065333944e-05	0.9999984396
